sku,upc,ean,mpn,gtin,isbn,partner_sku,title,brand,quantity_available,status,quantity_on_order,estimated_availability_date,warehouse_dsco_id_1,warehouse_code_1,warehouse_quantity_1,warehouse_retailer_code_1,warehouse_dsco_id_2,warehouse_code_2,warehouse_quantity_2,warehouse_retailer_code_2,warehouse_dsco_id_3,warehouse_code_3,warehouse_quantity_3,warehouse_retailer_code_3,dsco_item_id,dsco_product_id,dsco_retailer_assortments,dsco_supplier_id,dsco_supplier_name,dsco_trading_partner_id,dsco_trading_partner_name,dsco_create_date,dsco_last_quantity_update_date,dsco_last_update_date
23-4040,,,,,,,Rubber & Coir Embossed Brush 58x93cm,Solemate,0,out-of-stock,,,,,,,,,,,,,,,,,,,,,,,,
23-7444B,,,,,,,FM2 Coir Striped 50x80cm,Solemate,0,out-of-stock,,,,,,,,,,,,,,,,,,,,,,,,
23-8052,,,,,,,PVC Coir Water Melon 45x75cm,Solemate,0,out-of-stock,,,,,,,,,,,,,,,,,,,,,,,,
23-4039,,,,,,,Rubber and Coir Embossed Geometric 58x93cm,Solemate,0,out-of-stock,,,,,,,,,,,,,,,,,,,,,,,,
23-8121,,,,,,,PVC Backed Coir Apple Tree 45x75cm,Solemate,0,out-of-stock,,,,,,,,,,,,,,,,,,,,,,,,
23-8322,,,,,,,PVC Backed Coir FlowerTruck 58X89cm,Solemate,0,out-of-stock,,,,,,,,,,,,,,,,,,,,,,,,
23-8060,,,,,,,PVC Backed Coir 3xDogs 45x 75cm,Solemate,0,out-of-stock,,,,,,,,,,,,,,,,,,,,,,,,
23-8109,,,,,,,PVC Backed Coir Lavender 45x75cm,Solemate,0,out-of-stock,,,,,,,,,,,,,,,,,,,,,,,,
23-8285,,,,,,,PVC Backed Coir Welcome,Solemate,0,out-of-stock,,,,,,,,,,,,,,,,,,,,,,,,
23-8088,,,,,,,PVC Backed Coir Home 50x80cm,Solemate,0,out-of-stock,,,,,,,,,,,,,,,,,,,,,,,,
23-9009W,,,,,,,Long Tree of Life,Solemate,0,out-of-stock,,,,,,,,,,,,,,,,,,,,,,,,
23-8104,,,,,,,PVC Back Coir Cats 45x75cm,Solemate,0,out-of-stock,,,,,,,,,,,,,,,,,,,,,,,,
23-8289,,,,,,,PVC Backed Coir Embossed home 45x75cm,Solemate,0,out-of-stock,,,,,,,,,,,,,,,,,,,,,,,,
23-8469,,,,,,,PVC Coir Dairy  Cows 45X75cm,Solemate,0,out-of-stock,,,,,,,,,,,,,,,,,,,,,,,,
23-8315,,,,,,,PVC Backed Coir Flamigos 45x75cm,Solemate,0,out-of-stock,,,,,,,,,,,,,,,,,,,,,,,,
23-8285W,,,,,,,PVC Backed Coir Long Welcome 45x110cm,Solemate,0,out-of-stock,,,,,,,,,,,,,,,,,,,,,,,,
23-8332W,,,,,,,PVC Backed Coir 3 Kombi's 45x110cm,Solemate,0,out-of-stock,,,,,,,,,,,,,,,,,,,,,,,,
23-8131,,,,,,,PVC Backed Coir Poppies,Solemate,0,out-of-stock,,,,,,,,,,,,,,,,,,,,,,,,
23-8110,,,,,,,PVC Coir Colour Thongs 45x75cm,Solemate,0,out-of-stock,,,,,,,,,,,,,,,,,,,,,,,,
23-8066,,,,,,,PVC Backed Coir Cats & Butterflies 45x75cm,Solemate,0,out-of-stock,,,,,,,,,,,,,,,,,,,,,,,,
23-7250W,,,,,,,Rubber& Coir Ribbed 120x76cm,Solemate,0,out-of-stock,,,,,,,,,,,,,,,,,,,,,,,,
23-8345,,,,,,,PVC Coir Lots of Cats 45x75cm,Solemate,0,out-of-stock,,,,,,,,,,,,,,,,,,,,,,,,
23-8346,,,,,,,PVC Backed Coir Flamingos 45X75cm,Solemate,0,out-of-stock,,,,,,,,,,,,,,,,,,,,,,,,
23-1223W,,,,,,,Rubber & Coir Ribbed Wide 45x120cm,Solemate,0,out-of-stock,,,,,,,,,,,,,,,,,,,,,,,,
23-8089,,,,,,,PVC Backed Coir Deer 50x80cm,Solemate,0,out-of-stock,,,,,,,,,,,,,,,,,,,,,,,,
23-8065,,,,,,,PVC Coir Topiary Trees 45x75cm,Solemate,0,out-of-stock,,,,,,,,,,,,,,,,,,,,,,,,
23-3023,,,,,,,Marine Carpet Gry Palm Frond 45x75cm,Solemate,0,out-of-stock,,,,,,,,,,,,,,,,,,,,,,,,
23-8344,,,,,,,PVC Coir All Kinds of Dogs 45x75,Solemate,0,out-of-stock,,,,,,,,,,,,,,,,,,,,,,,,
23-8331,,,,,,,PVC Backed Coir Embossed Flamingos 45X75cm ,Solemate,0,out-of-stock,,,,,,,,,,,,,,,,,,,,,,,,
23-7023H,,,,,,,Rubber & Coir Lattice Edge Half Moon 120 x 76cm,Solemate,0,out-of-stock,,,,,,,,,,,,,,,,,,,,,,,,
23-9429,,,,,,,R/C Green Tree of Life 75x120cm,Solemate,0,out-of-stock,,,,,,,,,,,,,,,,,,,,,,,,
23-7443,,,,,,,Premium Coir Geometric,Solemate,0,out-of-stock,,,,,,,,,,,,,,,,,,,,,,,,
23-7448,,,,,,,Premium Coir Peeking Cat,Solemate,0,out-of-stock,,,,,,,,,,,,,,,,,,,,,,,,
23-8080,,,,,,,PVC Back Coir Tree of Life  50x80cm,Solemate,0,out-of-stock,,,,,,,,,,,,,,,,,,,,,,,,
23-8324,,,,,,,PVC Backed Coir Welcome 58X89cm ,Solemate,0,out-of-stock,,,,,,,,,,,,,,,,,,,,,,,,
23-8293,,,,,,,PVC Backed Coir INSERT Thongs,Solemate,0,out-of-stock,,,,,,,,,,,,,,,,,,,,,,,,
23-8339,,,,,,,PVC Backed Coir 3 Sheep 45X75cm,Solemate,0,out-of-stock,,,,,,,,,,,,,,,,,,,,,,,,
23-8471,,,,,,,PVC Back Coir Birds 40x60cm,Solemate,0,out-of-stock,,,,,,,,,,,,,,,,,,,,,,,,
23-8330,,,,,,,PVC Embossed Pineapple 45x75cm,Solemate,0,out-of-stock,,,,,,,,,,,,,,,,,,,,,,,,
23-8328,,,,,,,PVC Backed Coir Embossed Welcome 60X90cm,Solemate,0,out-of-stock,,,,,,,,,,,,,,,,,,,,,,,,
23-7441,,,,,,,Premium Coir Deer 50x 80cm,Solemate,0,out-of-stock,,,,,,,,,,,,,,,,,,,,,,,,
23-9009,,,,,,,Tree of Life,Solemate,0,out-of-stock,,,,,,,,,,,,,,,,,,,,,,,,
23-8470,,,,,,,PVC Coir Multi Floral 45x75cm,Solemate,0,out-of-stock,,,,,,,,,,,,,,,,,,,,,,,,
23-8326,,,,,,,PVC Backed Coir Embossed 55X120cm,Solemate,0,out-of-stock,,,,,,,,,,,,,,,,,,,,,,,,
23-8097,,,,,,,PVC Backed Coir Palm Fronds,Solemate,0,out-of-stock,,,,,,,,,,,,,,,,,,,,,,,,
23-7286,,,,,,,Rubber & Coir Embossed Vine 65x105cm,Solemate,0,out-of-stock,,,,,,,,,,,,,,,,,,,,,,,,
23-8287,,,,,,,PVC Backed Coir Welcome,Solemate,0,out-of-stock,,,,,,,,,,,,,,,,,,,,,,,,
23-4036,,,,,,,Rubber & Coir Diamond Stripes,Solemate,0,out-of-stock,,,,,,,,,,,,,,,,,,,,,,,,
23-8085,,,,,,,PVC Backed Coir Welcome,Solemate,0,out-of-stock,,,,,,,,,,,,,,,,,,,,,,,,
23-6029,,,,,,,Rubber Cactus PP Mat 45x75cm,Solemate,0,out-of-stock,,,,,,,,,,,,,,,,,,,,,,,,
23-7457,,,,,,,Premium Coir Topiary Tree,Solemate,0,out-of-stock,,,,,,,,,,,,,,,,,,,,,,,,
23-7454,,,,,,,Premium Coir Grey Pineapple,Solemate,0,out-of-stock,,,,,,,,,,,,,,,,,,,,,,,,
23-8087,,,,,,,PVC Coir  Beach 50x80cm,Solemate,0,out-of-stock,,,,,,,,,,,,,,,,,,,,,,,,
23-2103,,,,,,,Jute Loop Natural Mat  45x75cm,Solemate,0,out-of-stock,,,,,,,,,,,,,,,,,,,,,,,,
23-2130,,,,,,,Jute H/S Light Sm Bubble 50x80,Solemate,0,out-of-stock,,,,,,,,,,,,,,,,,,,,,,,,
23-2126,,,,,,,Jute H/S Tiny Bubble  50x80cm,Solemate,0,out-of-stock,,,,,,,,,,,,,,,,,,,,,,,,
23-2111,,,,,,,Jute L/B Tree Cream Brd  50x80,Solemate,0,out-of-stock,,,,,,,,,,,,,,,,,,,,,,,,
23-2135,,,,,,,Jute H/S Lg Square Weave 50x80,Solemate,0,out-of-stock,,,,,,,,,,,,,,,,,,,,,,,,
23-8116,,,,,,,PVC Coir Boards & Beach 45x75,Solemate,0,out-of-stock,,,,,,,,,,,,,,,,,,,,,,,,
23-8144,,,,,,,PVC Coir Ladybird 45x75cm,Solemate,0,out-of-stock,,,,,,,,,,,,,,,,,,,,,,,,
23-8323,,,,,,,"PVCoir, Flower Bicycle 58x89cm",Solemate,0,out-of-stock,,,,,,,,,,,,,,,,,,,,,,,,
23-7074,,,,,,,Coir Wire Scraper Mat 40x60cm,Solemate,0,out-of-stock,,,,,,,,,,,,,,,,,,,,,,,,
