supplier_id,product_code,quantity,qty_backordered,qty_on_order,item_next_availability_date,item_discontinued,item_description
16498,23-1060,20,0,0,,,Rubber Hollow Door Mat
16498,23-1223A,20,0,0,,,Rubber&Coir Ribbed
16498,23-1223W,20,0,0,,,Rubber&Coir RibbedWide
16498,23-1227,20,0,0,,,Rubber&Coir Welcome
16498,23-2012,0,0,0,,1,Polyprop Blue Atoll
16498,23-2099,0,0,0,,,Jute Lat/B Tree Black
16498,23-2100,0,0,0,,,Jute L/B Tree Nat
16498,23-2103,0,0,0,,,Brown Loop Doormat
16498,23-2104,20,0,0,,,Jute Loop Nat Mat
16498,23-2109,0,0,0,,,Jute L/B Nat Tree
16498,23-2110,0,0,0,,,Jute L/B Tree Black
16498,23-2111,0,0,0,,,Jute L/B Tree Nat
16498,23-2114,20,0,0,,,Spiral Jute Doormat
16498,23-3007,20,0,0,,,Soft Bone Doormat
16498,23-3014,0,0,0,,,PolypropTreefelt
16498,23-3017A,0,0,0,,,Red Sonoma Doormat
16498,23-3017B,20,0,0,,,Brown Sonoma Doormat
16498,23-3018B,20,0,0,,,Brown Hiam Doormat
16498,23-4017,20,0,0,,,Coir Welcome Doormat
16498,23-4020,0,0,0,,,Panama Tree of Life Doormat
16498,23-5000,0,0,0,,,Towing Caravan Doormat
16498,23-5001,20,0,0,,,Cattle Ranch Doormat
16498,23-5002,20,0,0,,,Road Train Doormat
16498,23-5003,20,0,0,,,Sydney Harbour Doormat
16498,23-5004,20,0,0,,,Puffing Billy Doormat
16498,23-5005,20,0,0,,,Cars & Surf Doormat
16498,23-6003,10,0,0,,,Metallic Bicycle Rubber Doormat
16498,23-6008,20,0,0,,,Rubber Copper FinishBBQ
16498,23-6013,0,0,0,,1,Rubber Copper  Pebbles
16498,23-6025,20,0,0,,,Rubber CP Tray -Foot
16498,23-6026,10,0,0,,,Rubber CP Tray
16498,23-7023H,10,0,0,,,Rubber&Coir H/Moon
16498,23-7040H,20,0,0,,,45cm Rubber and Coir Half Moon Door Mat
16498,23-7058,20,0,0,,,Rubber wrought iron look
16498,23-7058W,20,0,0,,,Rubber wrought iron look
16498,23-7067W,0,0,0,,,Bassy Boot Scraper Doormat
16498,23-7070,20,0,0,,,Carue Anti Fatigue Doormat
16498,23-7072,20,0,0,,,Coir Wire Door Mat
16498,23-7073,20,0,0,,,Coir Wire Door Mat
16498,23-7250W,20,0,0,,,Rubber and Coir Striped Door Mat
16498,23-7280,20,0,0,,,Wire & Coir Boot Scraper Doormat
16498,23-7285,0,0,0,,,Coir Ribbed Doormat
16498,23-7286,20,0,0,,,Rubber and Coir Check Vine Door Mat
16498,23-7290W,20,0,0,,,Rubber and Coir Check Vine Door Mat
16498,23-7291,0,0,0,,,Bootscraper & Rubber Pin
16498,23-7331,20,0,0,,,Rubber Pin Stripe Door Mat
16498,23-7354,0,0,0,,,45cm Polypropylene Door Mat
16498,23-7356,20,0,0,,,45cm Polypropylene Door Mat
16498,23-7356 H,0,0,0,,,Ployprop Grey H/R
16498,23-7356W,20,0,0,,,Polyprop
16498,23-7408,20,0,0,,,FM2 Coir Beach striped
16498,23-7409,20,0,0,,,FM2 Home Coir Door Mat
16498,23-7415,20,0,0,,,Check Vine Coir Doormat
16498,23-7425,20,0,0,,,FM2 Tree- Natural
16498,23-7425W,20,0,0,,,FM2 Tree of Life
16498,23-7432,0,0,0,,,FM2 Tree - Grey B/G
16498,23-7434,20,0,0,,,FM2 Coir Blue Flowers
16498,23-7437,0,0,0,,,FM2 Coir Anchor
16498,23-7438,20,0,0,,,FM2 Coir Bird Tree
16498,23-7439W,20,0,0,,,FM2 Birds in tree
16498,23-7441,20,0,0,,,Black Deer Premium Coir Doormat
16498,23-7443,20,0,0,,,Natural Geo Tile Premium Coir Doormat
16498,23-7444,0,0,0,,,Beige Coir Striped Doormat
16498,23-7444W,20,0,0,,,Brown Coir Striped Doormat
16498,23-7445,0,0,0,,,Brown Coir Diamond Doormat
16498,23-7446,20,0,0,,,Grey Coir Fern Doormat
16498,23-7446W,20,0,0,,,Grey Coir Fern Doormat
16498,23-7447,0,0,0,,,Blue Coir Diamond Doormat
16498,23-7447W,20,0,0,,,Blue Coir Diamond Doormat
16498,23-7448,20,0,0,,,Tan Peeking Cat Doormat
16498,23-7449,10,0,0,,,Tan Coir Compass Doormat
16498,23-7450,20,0,0,,,Tan Tree Birds Doormat
16498,23-7451,10,0,0,,,Tan Fleur De Lis Doormat
16498,23-7451W,20,0,0,,,Tan Fleur De Lis Doormat
16498,23-7452,20,0,0,,,Tan Coir Chooks Doormat
16498,23-7453,20,0,0,,,Tan Coir Welcome Cow Doormat
16498,23-7454,20,0,0,,,Grey Coir Pineapple Doormat
16498,23-7457,20,0,0,,,White Topiary Doormat
16498,23-7458,0,0,0,,,Blue Coir Home Doormat
16498,23-7458W,20,0,0,,,Blue Coir Home Doormat
16498,23-8009,20,0,0,,,PVC Coir Kombi Door Mat in Red
16498,23-8009 B,0,0,0,,,PVC BackCoir Kombi Blue
16498,23-8009 G,0,0,0,,,PVCBack Coir KombiGreen
16498,23-8011W,0,0,0,,,Black Coir Home Doormat
16498,23-8038,20,0,0,,,PVC Back Kombi Surf
16498,23-8038 R,20,0,0,,,PVC Back Kombi RedSurf
16498,23-8039,0,0,0,,,PVC Back Coir Beetle
16498,23-8039A,0,0,0,,1,Yellow Beetle Doormat
16498,23-8040M,0,0,0,,1,Coir Camaro Doormat
16498,23-8042M,0,0,0,,1,Coir Corvette Doormat
16498,23-8048,20,0,0,,,PVCBackHorse Silhouette
16498,23-8052,0,0,0,,,PVC Coir Water Melon
16498,23-8055,20,0,0,,,PVC Back Coir Caravan
16498,23-8056,0,0,0,,,PVC Back Coir Birds
16498,23-8058,0,0,0,,,PVC Back Coir Ship
16498,23-8059,20,0,0,,,PVC Back Coir2Horse
16498,23-8060,20,0,0,,,PVC Back Coir Three Dog
16498,23-8065,20,0,0,,,PVC Back Coir Three Tree
16498,23-8066,20,0,0,,,Brown Cats & Butterflies Doormat
16498,23-8067,20,0,0,,,Brown Thong Welcome Doormat
16498,23-8070,20,0,0,,,White & Brown Stripes Doormat
16498,23-8071,0,0,0,,,Grey Coir Cat Doormat
16498,23-8072,20,0,0,,,Dog Coir Cat Doormat
16498,23-8073,0,0,0,,,Green Coir Palm Doormat
16498,23-8075,20,0,0,,,Coir Paw Heart Doormat
16498,23-8076,20,0,0,,,Tan I Love Home Doormat
16498,23-8077,0,0,0,,,Brown Coir Shack Doormat
16498,23-8078,20,0,0,,,Blue Starfish Doormat
16498,23-8079W,20,0,0,,,Heart Rainbow Doormat
16498,23-8080,0,0,0,,,Nat Tree of Life Doormat
16498,23-8081,0,0,0,,,Birds on Branch Coir Doormat
16498,23-8084,20,0,0,,,Grey Stripes Coir Doormat
16498,23-8085,0,0,0,,,Grey Hello Coir Doormat
16498,23-8086,20,0,0,,,Rainbow Doormat
16498,23-8087,20,0,0,,,Stripy Beach Coir Doormat
16498,23-8088,0,0,0,,,Tan At Home Doormat
16498,23-8089,0,0,0,,,Black Deer Coir Doormat
16498,23-8092,20,0,0,,,Coir Ford GT Doormat
16498,23-8093,20,0,0,,,Coir Holden Doormat
16498,23-8094,20,0,0,,,Red Coir Sandman Doormat
16498,23-8095,20,0,0,,,Coir Charger Doormat
16498,23-8096,20,0,0,,,Coir Ferguson Doormat
16498,23-8102,0,0,0,,1,PVC BackCoir Butterfly
16498,23-8104,20,0,0,,,PVC Back Coir Cats
16498,23-8109,20,0,0,,,PVC Back Lavender Coir
16498,23-8110,20,0,0,,,PVC Back Coir Thongs
16498,23-8111W,20,0,0,,,Grey Hello Doormat
16498,23-8114W,20,0,0,,,Home Pineapple Doormat
16498,23-8115,0,0,0,,,PVC Back Coir WagonSurf
16498,23-8116,20,0,0,,,PVC BackCoir Boardsx
16498,23-8117W,20,0,0,,,Coir Striped Cat Doormat
16498,23-8118W,20,0,0,,,Coir Striped Dog Doormat
16498,23-8121,20,0,0,,,PVC Back CoirTree Apple
16498,23-8123,0,0,0,,1,PVC Back CoirCat bones
16498,23-8131,0,0,0,,,Brown Coir Poppies Doormat
16498,23-8144,20,0,0,,,PVC Back Coir Ladybird
16498,23-8150,20,0,0,,,PVC BackSea Side Sand
16498,23-8154,0,0,0,,,PVC Back Pets School
16498,23-8186,20,0,0,,,Lady & Horse Doormat
16498,23-8201,20,0,0,,,Natural Plain Coir Doormat
16498,23-8202,0,0,0,,,Natural Plain Coir Doormat
16498,23-8216,20,0,0,,,PVC BackCoiGoldenFleece
16498,23-8220R W,20,0,0,,,PVC Back CoirRedboard
16498,23-8228,0,0,0,,1,PVC Back Wren
16498,23-8231C,10,0,0,,,Black Geo Tile Coir Doormat
16498,23-8232,0,0,0,,,PVC Back Caravan new
16498,23-8233,0,0,0,,1,PVC Back Relax
16498,23-8234,0,0,0,,1,PVC Back Live Simply
16498,23-8235,0,0,0,,1,PVC Back Smile
16498,23-8236,0,0,0,,1,Hey Coir Doormat
16498,23-8237,0,0,0,,,PVC Back Sweet Home
16498,23-8239,10,0,0,,,PVC Back Zig Zag
16498,23-8244,0,0,0,,,Column Coir Doormat
16498,23-8245,0,0,0,,,Garden Coir Doormat
16498,23-8246,20,0,0,,,PVC Back Garden & Bike
16498,23-8257,0,0,0,,,Dove Release Coir Doormat
16498,23-8258,0,0,0,,,Sunset Couple Coir Doormat
16498,23-8259,20,0,0,,,Sunset Cowboy Coir Doormat
16498,23-8260,0,0,0,,,Twin Oars Doormat
16498,23-8262,20,0,0,,,Brown Bonsai Doormat
16498,23-8263,0,0,0,,,Brown Hope Doormat
16498,23-8264,10,0,0,,,At The Beach Doormat
16498,23-8265,20,0,0,,,Come With Me Doormat
16498,23-8266,20,0,0,,,Prefect Rooster Doormat
16498,23-8268,20,0,0,,,Brown Woof Doormat
16498,23-8269,20,0,0,,,Wipe Your Paws Doormat
16498,23-8270,20,0,0,,,Branch Owls Doormat
16498,23-8271,20,0,0,,,Blue Grandchildren Doormat
16498,23-8273,20,0,0,,,Our Guest Doormat
16498,23-8274,20,0,0,,,Hey Hello Doormat
16498,23-8275,20,0,0,,,Rest & Relax Doormat
16498,23-8276,0,0,0,,,Slate Hello Doormat
16498,23-8277,20,0,0,,,Home Houses Doormat
16498,23-8278,0,0,0,,,Blooming Roses Doormat
16498,23-8279,20,0,0,,,The Caravan Doormat
16498,23-8283,20,0,0,,,Cory Welcome Doormat
16498,23-8284,20,0,0,,,Life Is Thorny Doormat
16498,23-8285,20,0,0,,,Natural Welcome Doormat
16498,23-8285W,20,0,0,,,Natural Welcome Doormat
16498,23-9008,20,0,0,,,R/C Tree of Life
16498,23-9009W,20,0,0,,,Rubber and Coir Tree of Life Door Mat
16498,23-9048,0,0,0,,,Rubber and Coir Catch of His Life Door Mat
16498,23-9164,0,0,0,,,Rubber and Coir Welcome Bench Door Mat
16498,23-9165,0,0,0,,,Rubber and Coir Serve Wine Door Mat
16498,23-9167,10,0,0,,,R/C Money Kids
16498,23-9169,0,0,0,,,R/C Started Nothing
16498,23-9170,20,0,0,,,R/C Our Pets
16498,23-9175,10,0,0,,,R/C Love Vacuum
16498,23-9177,0,0,0,,,R/C Give a Man
16498,23-9178,0,0,0,,,R/C Bring Jack
16498,23-9180,10,0,0,,,R/C Exercise
16498,23-9182,20,0,0,,,R/C Spoiled dog
16498,23-9206,20,0,0,,,Rubber and Coir Spoiled Cat Door Mat
16498,23-9208,0,0,0,,,Mocha Last Week Doormat
16498,23-9209,20,0,0,,,Organized People Doormat
16498,23-9210,10,0,0,,,Wipe Your Feet Doormat
16498,23-9211,20,0,0,,,Normal Family Doormat
16498,23-9212,0,0,0,,,Brown & Tan Husband Doormat
16498,23-9213,20,0,0,,,Welcome Cow Doormat
16498,23-9214,20,0,0,,,Dog & Cat Shadow Doormat
16498,23-9215,0,0,0,,,Mapped Destination Doormat
16498,23-9216,10,0,0,,,Marriage Is A Work Doormat
16498,23-9217,20,0,0,,,Born Free Doormat
16498,23-9218,0,0,0,,,Mop My Floor Doormat
16498,23-9219,20,0,0,,,Brown Awesome Doormat
16498,23-9220,0,0,0,,,Time To Wine Down Doormat
16498,23-9221,20,0,0,,,Sound Advice Doormat
16498,23-9222,20,0,0,,,Brown Degree Doormat
16498,23-9223,20,0,0,,,Stupid People Doormat
16498,23-9224,20,0,0,,,Danger Sign Doormat
16498,23-9225,20,0,0,,,Steal Sign Doormat
16498,23-9226,20,0,0,,,Step Aside Doormat
16498,23-9227,10,0,0,,,Home Single Doormat
16498,23-9228,20,0,0,,,Happy Wife Doormat
16498,23-9266W,20,0,0,,,Rubber and Coir Plain Door Mat
16498,23-9323,20,0,0,,,Rubber and Coir Cheap Wine Door Mat
16498,23-9335,20,0,0,,,Rubber and Coir Grandchild Spoiled Door Mat
16498,23-9351,20,0,0,,,Rubber and Coir Golfer Lives Here Door Mat
