supplier_id,product_code,quantity,qty_backordered,qty_on_order,item_next_availability_date,item_discontinued,item_description
16498,23-1060,0,0,0,,,Rubber Hollow Door Mat
16498,23-1223A,0,0,0,,,Rubber&Coir Ribbed
16498,23-1223W,0,0,0,,,Rubber&Coir RibbedWide
16498,23-1227,0,0,0,,,Rubber&Coir Welcome
16498,23-2099,0,0,0,,,Jute Lat/B Tree Black
16498,23-2100,0,0,0,,,Jute L/B Tree Nat
16498,23-2103,0,0,0,,,Natural Hand-Loomed Jute Doormat
16498,23-2104,0,0,0,,,Jute Loop Nat Mat
16498,23-2109,0,0,0,,,Jute L/B Nat Tree
16498,23-2110,0,0,0,,,Jute L/B Tree Black
16498,23-2111,0,0,0,,,Jute L/B Tree Nat
16498,23-2114,0,0,0,,,Spiral Jute Doormat
16498,23-2115,0,0,0,,,Brown & Ivory Hand-Woven Jute Doormat
16498,23-2120,0,0,0,,,Brown Cierra Jute Yarn Doormat
16498,23-2121,0,0,0,,,Viljem Hand-Woven Jute Doormat
16498,23-2125,0,0,0,,,Hafsah Hand-Woven Jute Doormat
16498,23-2126,0,0,0,,,Lekan Hand-Woven Jute Boucle Doormat
16498,23-2127,0,0,0,,,Saviah Hand-Woven Jute Doormat
16498,23-2128,0,0,0,,,Brown Jael Hand-Woven Jute Doormat
16498,23-2129,0,0,0,,,Natural Aldona Hand-Woven Jute Rug
16498,23-2130,0,0,0,,,Natural Aldona Hand-Woven Jute Rug
16498,23-2131,0,0,0,,,Gold Varius Hand-Woven Jute Doormat
16498,23-2132,0,0,0,,,Gold Varius Hand-Woven Jute Doormat
16498,23-2133,0,0,0,,,Gold Varius Hand-Woven Jute Doormat
16498,23-2134,0,0,0,,,Issachar Hand-Woven Jute Doormat
16498,23-2135,0,0,0,,,Elba Hand-Woven Jute Rope Doormat
16498,23-3007,0,0,0,,,Soft Bone Doormat
16498,23-3014,0,0,0,,,PolypropTreefelt
16498,23-3017A,0,0,0,,,Red Sonoma Doormat
16498,23-3017B,0,0,0,,,Brown Sonoma Doormat
16498,23-3018B,0,0,0,,,Brown Hiam Doormat
16498,23-3020,0,0,0,,,Charcoal Hello Cato Doormat
16498,23-3021,0,0,0,,,Charcoal Welcome Cato Doormat
16498,23-3022,0,0,0,,,Charcoal Dotted Cato Doormat
16498,23-3023,0,0,0,,,Grey Palm Marine Outdoor Doormat
16498,23-3024,0,0,0,,,Red Stripe Marine Outdoor Doormat
16498,23-3025,0,0,0,,,Grey Shanta Doormat
16498,23-3026,0,0,0,,,Brown Shanta Doormat
16498,23-3027,0,0,0,,,Grey Welcome Sanya Doormat
16498,23-3028,0,0,0,,,Grey Cactus Marine Outdoor Doormat
16498,23-4017,0,0,0,,,Brown Welcome Coir Doormat
16498,23-4020,0,0,0,,,Panama Tree of Life Doormat
16498,23-4030,0,0,0,,,Brown Botanical Coir Doormat
16498,23-4031,0,0,0,,,Oluchi Coir Doormat
16498,23-4032,0,0,0,,,Geometric Coir Doormat
16498,23-4033,0,0,0,,,Quanna Home Sweet Home Coir Doormat
16498,23-4035,0,0,0,,,Brown Botanical Coir Doormat
16498,23-4036,0,0,0,,,Stripe Pacifica Coir Doormat
16498,23-4037,0,0,0,,,Jove Coir Doormat
16498,23-5000,0,0,0,,,Towing Caravan Doormat
16498,23-5001,0,0,0,,,Cattle Ranch Doormat
16498,23-5002,0,0,0,,,Road Train Doormat
16498,23-5003,0,0,0,,,Sydney Harbour Doormat
16498,23-5004,0,0,0,,,Puffing Billy Doormat
16498,23-5005,0,0,0,,,Cars & Surf Doormat
16498,23-6003,0,0,0,,,Metallic Bicycle Rubber Doormat
16498,23-6008,0,0,0,,,Rubber Copper FinishBBQ
16498,23-6017,0,0,0,,,Charcoal Welcome Trees Rubber Doormat
16498,23-6025,0,0,0,,,Rubber CP Tray -Foot
16498,23-6026,0,0,0,,,Rubber CP Tray
16498,23-6028,0,0,0,,,Laz Hello Rubber Doormat
16498,23-6029,0,0,0,,,Perl Cacti Rubber Doormat
16498,23-6030,0,0,0,,,Kacey Rubber Doormat
16498,23-6031,0,0,0,,,Cyne Home Sweet Home Rubber Doormat
16498,23-6033,0,0,0,,,Grey Wrought Iron Rubber Doormat
16498,23-6034,0,0,0,,,Shae Rubber Doormat
16498,23-6035,0,0,0,,,Grey Coarse Honeycomb Rubber Doormat
16498,23-6040,0,0,0,,,Grey Fine Honeycomb Rubber Doormat
16498,23-7023H,0,0,0,,,Rubber&Coir H/Moon
16498,23-7040H,0,0,0,,,45cm Rubber and Coir Half Moon Door Mat
16498,23-7058,0,0,0,,,Rubber wrought iron look
16498,23-7058W,0,0,0,,,Rubber wrought iron look
16498,23-7067W,0,0,0,,,Bassy Boot Scraper Doormat
16498,23-7070,0,0,0,,,Black Carue Anti-Fatigue Doormat
16498,23-7072,0,0,0,,,Coir Wire Door Mat
16498,23-7073,0,0,0,,,Coir Wire Door Mat
16498,23-7250W,0,0,0,,,Rubber and Coir Striped Door Mat
16498,23-7280,0,0,0,,,Wire & Coir Boot Scraper Doormat
16498,23-7285,0,0,0,,,Ribbed Coir Doormat
16498,23-7286,0,0,0,,,Rubber and Coir Check Vine Door Mat
16498,23-7290W,0,0,0,,,Check Vine Coir Doormat
16498,23-7290W,0,0,0,,,Rubber and Coir Check Vine Door Mat
16498,23-7291,0,0,0,,,Bootscraper & Rubber Pin
16498,23-7331,0,0,0,,,Rubber Pin Stripe Door Mat
16498,23-7354,0,0,0,,,45cm Polypropylene Door Mat
16498,23-7356,0,0,0,,,45cm Polypropylene Door Mat
16498,23-7356H,0,0,0,,,Grey Arched Doormat
16498,23-7356W,0,0,0,,,Polyprop
16498,23-7408,0,0,0,,,FM2 Coir Beach striped
16498,23-7409,0,0,0,,,FM2 Home Coir Door Mat
16498,23-7415,0,0,0,,,Check Vine Coir Doormat
16498,23-7425,0,0,0,,,FM2 Tree- Natural
16498,23-7425W,0,0,0,,,FM2 Tree of Life
16498,23-7432,0,0,0,,,FM2 Tree - Grey B/G
16498,23-7434,0,0,0,,,FM2 Coir Blue Flowers
16498,23-7435,0,0,0,,,Grey House Hand-Woven Coir Doormat
16498,23-7437,0,0,0,,,FM2 Coir Anchor
16498,23-7437B,0,0,0,,,Natural Anchor Hand-Woven Coir Doormat
16498,23-7438,0,0,0,,,FM2 Coir Bird Tree
16498,23-7439W,0,0,0,,,FM2 Birds in tree
16498,23-7441,0,0,0,,,Black Deer Premium Coir Doormat
16498,23-7443,0,0,0,,,Natural Geo Tile Premium Coir Doormat
16498,23-7444,0,0,0,,,Brown Striped Hand-Woven Coir Doormat
16498,23-7444W,0,0,0,,,Brown Striped Hand-Woven Coir Doormat
16498,23-7445,0,0,0,,,Brown Geometric Hand-Woven Coir Doormat
16498,23-7446,0,0,0,,,Grey Fern Hand-Woven Coir Doormat
16498,23-7446W,0,0,0,,,Grey Fern Hand-Woven Coir Doormat
16498,23-7447,0,0,0,,,Blue Diamond Hand-Woven Coir Doormat
16498,23-7447W,0,0,0,,,Blue Diamond Hand-Woven Coir Doormat
16498,23-7448,0,0,0,,,Tan Peeking Cat Hand-Woven Coir Doormat
16498,23-7449,0,0,0,,,Tan Compass Hand-Woven Coir Doormat
16498,23-7450,0,0,0,,,Tan Tree & Birds Hand-Woven Coir Doormat
16498,23-7451,0,0,0,,,Tan Fleur De Lis Hand-Woven Coir Doormat
16498,23-7451W,0,0,0,,,Tan Fleur De Lis Hand-Woven Coir Doormat
16498,23-7452,0,0,0,,,Tan Chooks Hand-Woven Coir Doormat
16498,23-7453,0,0,0,,,Tan Cow Hand-Woven Coir Doormat
16498,23-7454,0,0,0,,,Grey Pineapple Hand-Woven Coir Doormat
16498,23-7457,0,0,0,,,White Topiary Hand-Woven Coir Doormat
16498,23-7458,0,0,0,,,Blue Home Hand-Woven Coir Doormat
16498,23-7458W,0,0,0,,,Blue Home Hand-Woven Coir Doormat
16498,23-7459,0,0,0,,,Natural Hand-Woven Coir Doormat
16498,23-7500,0,0,0,,,Two-Toned Hand-Woven Coir Doormat
16498,23-8009,0,0,0,,,PVC Coir Kombi Door Mat in Red
16498,23-8009B,0,0,0,,,Blue Kombi Coir Doormat
16498,23-8009G,0,0,0,,,Green Kombi Coir Doormat
16498,23-8011W,0,0,0,,,Black Home Coir Doormat
16498,23-8038,0,0,0,,,PVC Back Kombi Surf
16498,23-8038R,0,0,0,,,Summer Kombi Coir Doormat
16498,23-8048,0,0,0,,,PVCBackHorse Silhouette
16498,23-8052,0,0,0,,,PVC Coir Water Melon
16498,23-8055,0,0,0,,,PVC Back Coir Caravan
16498,23-8056,0,0,0,,,PVC Back Coir Birds
16498,23-8058,0,0,0,,,PVC Back Coir Ship
16498,23-8059,0,0,0,,,PVC Back Coir2Horse
16498,23-8060,0,0,0,,,PVC Back Coir Three Dog
16498,23-8065,0,0,0,,,PVC Back Coir Three Tree
16498,23-8066,0,0,0,,,Brown Cats & Butterflies Coir Doormat
16498,23-8067,0,0,0,,,Brown Thong Welcome Doormat
16498,23-8070,0,0,0,,,White & Brown Striped Doormat
16498,23-8071,0,0,0,,,Grey Cat Coir Doormat
16498,23-8072,0,0,0,,,Grey Dog Coir Doormat
16498,23-8077,0,0,0,,,Brown Shack Coir Doormat
16498,23-8078,0,0,0,,,Blue Starfish Doormat
16498,23-8079W,0,0,0,,,Heart Rainbow Doormat
16498,23-8080,0,0,0,,,Nat Tree of Life Doormat
16498,23-8081,0,0,0,,,Birds on Branch Coir Doormat
16498,23-8084,0,0,0,,,Grey Stripes Coir Doormat
16498,23-8085,0,0,0,,,Grey Hello Coir Doormat
16498,23-8086,0,0,0,,,Rainbow Doormat
16498,23-8087,0,0,0,,,Stripy Beach Coir Doormat
16498,23-8088,0,0,0,,,Tan At Home Doormat
16498,23-8089,0,0,0,,,Black Deer Coir Doormat
16498,23-8092,0,0,0,,,Ford GT Coir Doormat
16498,23-8093,0,0,0,,,Holden Coir Doormat
16498,23-8094,0,0,0,,,Red Sandman Coir Doormat
16498,23-8095,0,0,0,,,Charger Coir Doormat
16498,23-8096,0,0,0,,,Ferguson Coir Doormat
16498,23-8097,0,0,0,,,Natural Fern Coir Doormat
16498,23-8104,0,0,0,,,PVC Back Coir Cats
16498,23-8109,0,0,0,,,PVC Back Lavender Coir
16498,23-8110,0,0,0,,,PVC Back Coir Thongs
16498,23-8111W,0,0,0,,,Grey Hello Doormat
16498,23-8114W,0,0,0,,,Home Pineapple Doormat
16498,23-8115,0,0,0,,,PVC Back Coir WagonSurf
16498,23-8116,0,0,0,,,PVC BackCoir Boardsx
16498,23-8117W,0,0,0,,,Cat Striped Coir Doormat
16498,23-8118W,0,0,0,,,Dog Striped Coir Doormat
16498,23-8121,0,0,0,,,PVC Back CoirTree Apple
16498,23-8127,0,0,0,,,PVC Back Coir Old Indian
16498,23-8131,0,0,0,,,Brown Poppies Coir Doormat
16498,23-8144,0,0,0,,,PVC Back Coir Ladybird
16498,23-8150,0,0,0,,,PVC BackSea Side Sand
16498,23-8159,0,0,0,,,Blue Waves Doormat
16498,23-8186,0,0,0,,,Lady & Horse Doormat
16498,23-8201,0,0,0,,,Natural Plain Coir Doormat
16498,23-8202,0,0,0,,,Natural Plain Coir Doormat
16498,23-8216,0,0,0,,,PVC BackCoiGoldenFleece
16498,23-8220RW,0,0,0,,,Red Surfing Board Doormat
16498,23-8231C,0,0,0,,,Black Geo Tile Coir Doormat
16498,23-8232,0,0,0,,,PVC Back Caravan new
16498,23-8239,0,0,0,,,PVC Back Zig Zag
16498,23-8244,0,0,0,,,Column Coir Doormat
16498,23-8245,0,0,0,,,Garden Coir Doormat
16498,23-8246,0,0,0,,,PVC Back Garden & Bike
16498,23-8258,0,0,0,,,Sunset Couple Coir Doormat
16498,23-8259,0,0,0,,,Sunset Cowboy Coir Doormat
16498,23-8262,0,0,0,,,Brown Bonsai Doormat
16498,23-8263,0,0,0,,,Brown Hope Doormat
16498,23-8264,0,0,0,,,At The Beach Doormat
16498,23-8265,0,0,0,,,Come With Me Doormat
16498,23-8266,0,0,0,,,Prefect Rooster Doormat
16498,23-8268,0,0,0,,,Brown Woof Doormat
16498,23-8269,0,0,0,,,Wipe Your Paws Doormat
16498,23-8270,0,0,0,,,Branch Owls Doormat
16498,23-8271,0,0,0,,,Blue Grandchildren Doormat
16498,23-8273,0,0,0,,,Our Guest Doormat
16498,23-8274,0,0,0,,,Hey Hello Doormat
16498,23-8275,0,0,0,,,Rest & Relax Doormat
16498,23-8276,0,0,0,,,Slate Hello Doormat
16498,23-8277,0,0,0,,,Home Houses Doormat
16498,23-8278,0,0,0,,,Blooming Roses Doormat
16498,23-8279,0,0,0,,,The Caravan Doormat
16498,23-8283,0,0,0,,,Cory Welcome Doormat
16498,23-8284,0,0,0,,,Life Is Thorny Coir Doormat
16498,23-8285,0,0,0,,,Natural Welcome Coir Doormat
16498,23-8285W,0,0,0,,,Natural Welcome Coir Doormat
16498,23-8286,0,0,0,,,Pavli Flamingo Trio Coir Doormat
16498,23-8287,0,0,0,,,Nereus Welcome Starfish Coir Doormat
16498,23-8288,0,0,0,,,Kaleo Home Coir Doormat
16498,23-8289,0,0,0,,,Savitri Home Coir Doormat
16498,23-8290,0,0,0,,,Caelia Cat & Dog Coir Doormat
16498,23-8291,0,0,0,,,Gunter Hello Coir Doormat
16498,23-8292,0,0,0,,,Gwendall Let's Wine About It Coir Doormat
16498,23-8293,0,0,0,,,Zunka Shore Coir Doormat
16498,23-8294,0,0,0,,,Home Is Where The Waves Are Coir Doormat
16498,23-8295,0,0,0,,,Welcome Sea Turtle Coir Doormat
16498,23-8296,0,0,0,,,Retro Puppy Coir Doormat
16498,23-8297,0,0,0,,,Welcome Swan Coir Doormat
16498,23-8299,0,0,0,,,Sea The Beauty Coir Doormat
16498,23-8300,0,0,0,,,Wipe Your Paws Coir Doormat
16498,23-8312,0,0,0,,,Natural Birds On Trees Coir Doormat
16498,23-8340,0,0,0,,,Multi-Coloured Cats Coir Doormat
16498,23-8341,0,0,0,,,Multi-Coloured Phones Coir Doormat
16498,23-8342,0,0,0,,,Natural Trellis Welcome Coir Doormat
16498,23-8343,0,0,0,,,Natural Friends Coir Doormat
16498,23-8372,0,0,0,,,Natural Geometric Welcome Coir Doormat
16498,23-8373,0,0,0,,,Natural Chevron Welcome Coir Doormat
16498,23-8470,0,0,0,,,Multi-Coloured Floral Coir Doormat
16498,23-8471,0,0,0,,,Multi-Coloured Birds Coir Doormat
16498,23-9008,0,0,0,,,Large Rubber and Coir Tree of Life Door Mat
16498,23-9009,0,0,0,,,Rubber and Coir Tree of Life Door Mat
16498,23-9009W,0,0,0,,,Rubber and Coir Tree of Life Door Mat
16498,23-9015,0,0,0,,,Pejo Love Birds On Tree Coir Doormat
16498,23-9016,0,0,0,,,Judda Palm Leaves Coir Doormat
16498,23-9048,0,0,0,,,Rubber and Coir Catch of His Life Door Mat
16498,23-9055,0,0,0,,,Natural Cat & Butterfly Coir Doormat
16498,23-9164,0,0,0,,,Rubber and Coir Welcome Bench Door Mat
16498,23-9165,0,0,0,,,Rubber and Coir Serve Wine Door Mat
16498,23-9167,0,0,0,,,R/C Money Kids
16498,23-9169,0,0,0,,,R/C Started Nothing
16498,23-9170,0,0,0,,,R/C Our Pets
16498,23-9175,0,0,0,,,R/C Love Vacuum
16498,23-9177,0,0,0,,,R/C Give a Man
16498,23-9178,0,0,0,,,R/C Bring Jack
16498,23-9180,0,0,0,,,R/C Exercise
16498,23-9182,0,0,0,,,R/C Spoiled dog
16498,23-9206,0,0,0,,,Rubber and Coir Spoiled Cat Door Mat
16498,23-9209,0,0,0,,,Organized People Doormat
16498,23-9210,0,0,0,,,Wipe Your Feet Doormat
16498,23-9213,0,0,0,,,Cow Welcome Coir Doormat
16498,23-9214,0,0,0,,,Dog & Cat Shadow Doormat
16498,23-9217,0,0,0,,,Born Free Doormat
16498,23-9219,0,0,0,,,Brown Awesome Doormat
16498,23-9220,0,0,0,,,Time To Wine Down Doormat
16498,23-9221,0,0,0,,,Sound Advice Doormat
16498,23-9222,0,0,0,,,Brown Degree Doormat
16498,23-9223,0,0,0,,,No Stupid People Doormat
16498,23-9224,0,0,0,,,Danger Sign Doormat
16498,23-9225,0,0,0,,,Steal Sign Doormat
16498,23-9226,0,0,0,,,Step Aside Doormat
16498,23-9227,0,0,0,,,Home Single Doormat
16498,23-9266W,0,0,0,,,Rubber and Coir Plain Door Mat
16498,23-9321,0,0,0,,,Rubber and Coir Beer O Clock Door Mat
16498,23-9323,0,0,0,,,Rubber and Coir Cheap Wine Door Mat
16498,23-9335,0,0,0,,,Rubber and Coir Grandchild Spoiled Door Mat
16498,23-9351,0,0,0,,,Rubber and Coir Golfer Lives Here Door Mat
16498,23-9425,0,0,0,,,R/C Google
