Warehouse Name,Store Name,PO #,PO Date,Please Ship By,Backorder Date,Order Status,Item#,Item Name,Quantity,Wholesale Price,Ship Method,Carrier Name,Shipping Account Number,Ship To Name,Ship to Address,Ship To Address 2,Ship To City,Ship To State,Ship To Zip,Ship To Phone,Inventory at PO Time,Inventory Send Date,Ship Speed,PO Date & Time,Registered Timestamp,Customization Text,Backorder Reason,Original Product ID,Original Product Name,Packing Slip URL,Tracking #
IB Australia,ZIZO,TW41966867,21/02/2021,23/02/2021,,Pending Ship Confirmation,23-6030,Kacey Rubber Doormat,1,11,Small Parcel,Australia Post,,Angeline Goh,10 Greenham Crescent,,Mount Waverley,VIC,3149,468362545,50,19/02/2021,Aus Post Eparcel,21/02/2021 23:45,,,,,,https://partners.templeandwebster.com.au/request_packing_slip.php?print=1&reprintPackingSlips=1&HashedPackingSlipPOs=a70dc257050b36a14a943d0e97863d54,
IB Australia,ZIZO,TW41966628,21/02/2021,23/02/2021,,Pending Ship Confirmation,23-9266W,Rubber and Coir Plain Door Mat,1,31.8,Small Parcel,Australia Post,,Anastasia Hamilton,13A Pepper Road,,Everton Hills,QLD,4053,466317659,17,19/02/2021,Aus Post Eparcel,21/02/2021 22:46,,,,,,https://partners.templeandwebster.com.au/request_packing_slip.php?print=1&reprintPackingSlips=1&HashedPackingSlipPOs=057341a7abe3cb8bc7db837136bd46e8,
IB Australia,ZIZO,TW41959827,19/02/2021,23/02/2021,,Pending Ship Confirmation,23-8060,PVC Back Coir Three Dog,1,16,Small Parcel,Australia Post,,sharni davies,11 mills street,,Albert Park,VIC,3206,448088930,100,19/02/2021,Aus Post Eparcel,19/02/2021 21:46,,,,,,https://partners.templeandwebster.com.au/request_packing_slip.php?print=1&reprintPackingSlips=1&HashedPackingSlipPOs=790a5046008126455899564c81a8a649,
IB Australia,ZIZO,TW41959827,19/02/2021,23/02/2021,,Pending Ship Confirmation,23-8286,Pavli Flamingo Trio Coir Doormat,1,16,Small Parcel,Australia Post,,sharni davies,11 mills street,,Albert Park,VIC,3206,448088930,100,19/02/2021,Aus Post Eparcel,19/02/2021 21:46,,,,,,https://partners.templeandwebster.com.au/request_packing_slip.php?print=1&reprintPackingSlips=1&HashedPackingSlipPOs=790a5046008126455899564c81a8a649,
IB Australia,ZIZO,TW41966365,21/02/2021,23/02/2021,,Pending Ship Confirmation,23-9009W,Rubber and Coir Tree of Life Door Mat,2,31.8,LTL,Australia Post,,carle chalk,228 bigmor drive,,elimbah,QLD,4516,409472156,100,19/02/2021,Allied Road Express [Standard],21/02/2021 21:46,,,,,,https://partners.templeandwebster.com.au/request_packing_slip.php?print=1&reprintPackingSlips=1&HashedPackingSlipPOs=6b61d79fd0c64b0317fc56cda1c232d7,
IB Australia,ZIZO,TW41966427,21/02/2021,23/02/2021,,Pending Ship Confirmation,23-8347,Bicycle Outdoor Doormat,1,16,Small Parcel,Australia Post,,Traecey Bremner,4 Rockingham st,,Kew,VIC,3101,412125314,50,19/02/2021,Aus Post Eparcel,21/02/2021 21:46,,,,,,https://partners.templeandwebster.com.au/request_packing_slip.php?print=1&reprintPackingSlips=1&HashedPackingSlipPOs=7c28ce755fbd6f034a1f48028e6e49df,
IB Australia,ZIZO,TW41966385,21/02/2021,23/02/2021,,Pending Ship Confirmation,23-9008,Large Rubber and Coir Tree of Life Door Mat,2,60.4,LTL,Australia Post,,Ian Chambers,520 Anzac Hwy,,GLENELG EAST,SA,5045,409671315,50,19/02/2021,Toll,21/02/2021 21:46,,,,,,https://partners.templeandwebster.com.au/request_packing_slip.php?print=1&reprintPackingSlips=1&HashedPackingSlipPOs=4b57dd398d087d97f05e3361130c2bdd,
IB Australia,ZIZO,TW41966310,21/02/2021,23/02/2021,,Pending Ship Confirmation,23-8246,PVC Back Garden & Bike,1,16,Small Parcel,Australia Post,,Susan Grindlay,12 Prout St,,Camp Hill,QLD,4152,407112155,50,19/02/2021,Aus Post Eparcel,21/02/2021 21:26,,,,,,https://partners.templeandwebster.com.au/request_packing_slip.php?print=1&reprintPackingSlips=1&HashedPackingSlipPOs=2cee626cc68d29e181dbb26155c744a7,
IB Australia,ZIZO,TW41966310,21/02/2021,23/02/2021,,Pending Ship Confirmation,23-8065,PVC Back Coir Three Tree,1,16,Small Parcel,Australia Post,,Susan Grindlay,12 Prout St,,Camp Hill,QLD,4152,407112155,6,19/02/2021,Aus Post Eparcel,21/02/2021 21:26,,,,,,https://partners.templeandwebster.com.au/request_packing_slip.php?print=1&reprintPackingSlips=1&HashedPackingSlipPOs=2cee626cc68d29e181dbb26155c744a7,
IB Australia,ZIZO,TW41962573,20/02/2021,23/02/2021,,Pending Ship Confirmation,23-3027,Grey Welcome Sanya Doormat,1,21,Small Parcel,Australia Post,,Elena Parolin,1/89 Palmwoods Cres,,Runcorn,QLD,4113,434345662,19,19/02/2021,Aus Post Eparcel,20/02/2021 21:25,,,,,,https://partners.templeandwebster.com.au/request_packing_slip.php?print=1&reprintPackingSlips=1&HashedPackingSlipPOs=132ba09e673c56e3e27c8b8dc0e8eb92,
IB Australia,ZIZO,TW41962524,20/02/2021,23/02/2021,,Pending Ship Confirmation,23-8114W,Home Pineapple Doormat,1,22,Small Parcel,Australia Post,,Rhiannon desinan,7 Kylie close,,Lake haven,NSW,2263,412446163,19,19/02/2021,Aus Post Eparcel,20/02/2021 21:06,,,,,,https://partners.templeandwebster.com.au/request_packing_slip.php?print=1&reprintPackingSlips=1&HashedPackingSlipPOs=4e1d28a0aa45d63cf5c70c7419ef718f,
IB Australia,ZIZO,TW41959718,19/02/2021,23/02/2021,,Pending Ship Confirmation,23-8111W,Grey Hello Doormat,1,22,Small Parcel,Australia Post,,Sarah Simon,456 Masons Rd,,Mernda,VIC,3754,422175211,19,19/02/2021,Aus Post Eparcel,19/02/2021 21:05,,,,,,https://partners.templeandwebster.com.au/request_packing_slip.php?print=1&reprintPackingSlips=1&HashedPackingSlipPOs=795dbae5de42abcc600ef583aeca05a8,
IB Australia,ZIZO,TW41962376,20/02/2021,23/02/2021,,Pending Ship Confirmation,23-6017,Charcoal Welcome Trees Rubber Doormat,2,11.65,Small Parcel,Australia Post,,Sue Deyris,3 Tallowood Crescent,,Byron Bay,NSW,2481,414649115,50,19/02/2021,Aus Post Eparcel,20/02/2021 20:25,,,,,,https://partners.templeandwebster.com.au/request_packing_slip.php?print=1&reprintPackingSlips=1&HashedPackingSlipPOs=75eb0bc6c377343b9a40f096097c0ac8,
IB Australia,ZIZO,TW41959623,19/02/2021,23/02/2021,,Pending Ship Confirmation,23-8311,Lots Of Chooks Coir Doormat,2,18,Small Parcel,Australia Post,,Silvia Teoh,2 Eaton Road (opposite 7),,WEST PENNANT HILLS,NSW,2125,404627691,19,19/02/2021,Aus Post Eparcel,19/02/2021 20:06,,,,,,https://partners.templeandwebster.com.au/request_packing_slip.php?print=1&reprintPackingSlips=1&HashedPackingSlipPOs=59b19d8ff8a64f6ee36d4e9191d2fda3,
IB Australia,ZIZO,TW41962269,20/02/2021,23/02/2021,,Pending Ship Confirmation,23-8131,Brown Poppies Coir Doormat,1,16,Small Parcel,Australia Post,,Qiujin WU,4 Bickleigh Street,,Glen Iris,VIC,3146,419666598,50,19/02/2021,Aus Post Eparcel,20/02/2021 19:45,,,,,,https://partners.templeandwebster.com.au/request_packing_slip.php?print=1&reprintPackingSlips=1&HashedPackingSlipPOs=7652efd25a069a0ff661ba77d75b31b4,
IB Australia,ZIZO,TW41962058,20/02/2021,23/02/2021,,Pending Ship Confirmation,23-8467W,Natural Austine Home Coir Doormat,1,27.95,Small Parcel,Australia Post,,marita Loh,84 Mandara Drive,,wurtulla,QLD,4575,408184081,100,19/02/2021,Aus Post Eparcel,20/02/2021 18:46,,,,,,https://partners.templeandwebster.com.au/request_packing_slip.php?print=1&reprintPackingSlips=1&HashedPackingSlipPOs=601ef98e673865a382f95892613d7385,
IB Australia,ZIZO,TW41965443,21/02/2021,23/02/2021,,Pending Ship Confirmation,23-8285W,Natural Welcome Coir Doormat,1,22,Small Parcel,Australia Post,,irene Guiamatsia,38 Collett Crescent,,kings langley,NSW,2147,420319177,49,19/02/2021,Aus Post Eparcel,21/02/2021 18:45,,,,,,https://partners.templeandwebster.com.au/request_packing_slip.php?print=1&reprintPackingSlips=1&HashedPackingSlipPOs=02402e9b204891d7432b30e9837073aa,
IB Australia,ZIZO,TW41962020,20/02/2021,23/02/2021,,Pending Ship Confirmation,23-4020,Panama Tree of Life Doormat,1,8.95,Small Parcel,Australia Post,,joanne Kittel,5 Wolseley Terrace,,Ascot park,SA,5043,418990577,50,19/02/2021,Aus Post Eparcel,20/02/2021 18:25,,,,,,https://partners.templeandwebster.com.au/request_packing_slip.php?print=1&reprintPackingSlips=1&HashedPackingSlipPOs=05d00bf1fb81df2de045e4afa0100f8f,
IB Australia,ZIZO,TW41962020,20/02/2021,23/02/2021,,Pending Ship Confirmation,23-8300,Wipe Your Paws Coir Doormat,2,15,Small Parcel,Australia Post,,joanne Kittel,5 Wolseley Terrace,,Ascot park,SA,5043,418990577,100,19/02/2021,Aus Post Eparcel,20/02/2021 18:25,,,,,,https://partners.templeandwebster.com.au/request_packing_slip.php?print=1&reprintPackingSlips=1&HashedPackingSlipPOs=05d00bf1fb81df2de045e4afa0100f8f,
IB Australia,ZIZO,TW41959296,19/02/2021,23/02/2021,,Pending Ship Confirmation,23-3022,Charcoal Dotted Cato Doormat,2,11,Small Parcel,Australia Post,,Leanne Denby,20 Everglade Rise,,Brinsmead,QLD,4870,409306826,50,19/02/2021,Aus Post Eparcel,19/02/2021 17:56,,,,,,https://partners.templeandwebster.com.au/request_packing_slip.php?print=1&reprintPackingSlips=1&HashedPackingSlipPOs=a1aca5ed16a2c6755bc42e934afde883,
IB Australia,ZIZO,TW41959006,19/02/2021,23/02/2021,,Pending Ship Confirmation,23-8077,Brown Shack Coir Doormat,1,18,Small Parcel,Australia Post,,Daphne Masella,2 Fortune St,,SCARBOROUGH,QLD,4020,418112642,50,19/02/2021,Aus Post Eparcel,19/02/2021 16:25,,,,,,https://partners.templeandwebster.com.au/request_packing_slip.php?print=1&reprintPackingSlips=1&HashedPackingSlipPOs=55462b8f4e9352f9d93f5eacff74306f,
IB Australia,ZIZO,TW41964772,21/02/2021,23/02/2021,,Pending Ship Confirmation,23-9266W,Rubber and Coir Plain Door Mat,1,31.8,Small Parcel,Australia Post,,Deepi Miller,"""St Vincents Clinic, Suite 711""",438 Victoria Street,Darlinghurst,NSW,2010,477577771,18,19/02/2021,Aus Post Eparcel,21/02/2021 15:55,,,,,,https://partners.templeandwebster.com.au/request_packing_slip.php?print=1&reprintPackingSlips=1&HashedPackingSlipPOs=86145d7365b434a1abab8196c3159efe,
IB Australia,ZIZO,TW41961457,20/02/2021,23/02/2021,,Pending Ship Confirmation,23-8327,Natural Embossed Hearts Coir Doormat,3,22,Small Parcel,Australia Post,,danielle McIntyre,7 darling Place,,tatton,NSW,2650,438230973,5,19/02/2021,Aus Post Eparcel,20/02/2021 15:25,,,,,,https://partners.templeandwebster.com.au/request_packing_slip.php?print=1&reprintPackingSlips=1&HashedPackingSlipPOs=5c14a67a5905492aed8f5767e5b90202,
IB Australia,ZIZO,TW41964503,21/02/2021,23/02/2021,,Pending Ship Confirmation,23-9052,Remove Shoes Coir & Rubber Doormat,1,17,Small Parcel,Australia Post,,emily wells,105 greens road,,wyndham vale,VIC,3024,416166559,50,19/02/2021,Aus Post Eparcel,21/02/2021 14:45,,,,,,https://partners.templeandwebster.com.au/request_packing_slip.php?print=1&reprintPackingSlips=1&HashedPackingSlipPOs=3df5fb39bc808c6acf0e1ea231c2579e,
IB Australia,ZIZO,TW41964503,21/02/2021,23/02/2021,,Pending Ship Confirmation,23-8314,Cat On Bike Outdoor Doormat,1,16,Small Parcel,Australia Post,,emily wells,105 greens road,,wyndham vale,VIC,3024,416166559,19,19/02/2021,Aus Post Eparcel,21/02/2021 14:45,,,,,,https://partners.templeandwebster.com.au/request_packing_slip.php?print=1&reprintPackingSlips=1&HashedPackingSlipPOs=3df5fb39bc808c6acf0e1ea231c2579e,
IB Australia,ZIZO,TW41961285,20/02/2021,23/02/2021,,Pending Ship Confirmation,23-8111W,Grey Hello Doormat,1,22,Small Parcel,Australia Post,,Sharon Luttrell,8 Wilson ST,,Cressy,TAS,7302,418131835,18,19/02/2021,Aus Post Eparcel,20/02/2021 14:25,,,,,,https://partners.templeandwebster.com.au/request_packing_slip.php?print=1&reprintPackingSlips=1&HashedPackingSlipPOs=235884b2ff3adb2cbd6061c1c8dc43e5,
IB Australia,ZIZO,TW41958506,19/02/2021,23/02/2021,,Pending Ship Confirmation,23-8080,Nat Tree of Life Doormat,1,18,Small Parcel,Australia Post,,Kim Baptist,18 Buller Avenue,,Clyde,VIC,3978,448612344,100,19/02/2021,Aus Post Eparcel,19/02/2021 14:05,,,,,,https://partners.templeandwebster.com.au/request_packing_slip.php?print=1&reprintPackingSlips=1&HashedPackingSlipPOs=e83c7d8b26f96bdc806e35e44c2e381d,
IB Australia,ZIZO,TW41958509,19/02/2021,23/02/2021,,Pending Ship Confirmation,23-6030,Kacey Rubber Doormat,1,11,Small Parcel,Australia Post,,Janice Murphy,105 Barkly Street,,Fitzroy North,VIC,3068,459843517,100,19/02/2021,Aus Post Eparcel,19/02/2021 14:05,,,,,,https://partners.templeandwebster.com.au/request_packing_slip.php?print=1&reprintPackingSlips=1&HashedPackingSlipPOs=6453b007f77fafd70a9ec9848d823b24,
IB Australia,ZIZO,TW41958465,19/02/2021,23/02/2021,,Pending Ship Confirmation,23-8086,Rainbow Doormat,1,18,Small Parcel,Australia Post,,Dale Kelly,44 Sandalwood Drive,,Greenwood,WA,6024,400960383,19,19/02/2021,Aus Post Eparcel,19/02/2021 14:05,,,,,,https://partners.templeandwebster.com.au/request_packing_slip.php?print=1&reprintPackingSlips=1&HashedPackingSlipPOs=3464ec86f8f509ff24ca1c8860fc7230,
IB Australia,ZIZO,TW41961197,20/02/2021,23/02/2021,,Pending Ship Confirmation,23-8104,PVC Back Coir Cats,1,16,Small Parcel,Australia Post,,Sharon leslie,9 CARNSEW ST,,KALKALLO,VIC,3064,413811993,100,19/02/2021,Aus Post Eparcel,20/02/2021 13:56,,,,,,https://partners.templeandwebster.com.au/request_packing_slip.php?print=1&reprintPackingSlips=1&HashedPackingSlipPOs=e276675a8120b882124e913c2ff77830,
IB Australia,ZIZO,TW41964012,21/02/2021,23/02/2021,,Pending Ship Confirmation,23-8285W,Natural Welcome Coir Doormat,1,22,Small Parcel,Australia Post,,Leigh Hudson,4 Mistletoe Stree,,ALDINGA BEACH,SA,5173,431404779,50,19/02/2021,Aus Post Eparcel,21/02/2021 12:46,,,,,,https://partners.templeandwebster.com.au/request_packing_slip.php?print=1&reprintPackingSlips=1&HashedPackingSlipPOs=cbb11b96c70818a391a0110cff01823d,
IB Australia,ZIZO,TW41958172,19/02/2021,23/02/2021,,Pending Ship Confirmation,23-8071A,Stretching Cat Coir Doormat,1,18,Small Parcel,Australia Post,,Mrs Helen Alexander,8 Oriole St,,BAWLEY POINT,NSW,2539,244571290,50,19/02/2021,Aus Post Eparcel,19/02/2021 12:35,,,,,,https://partners.templeandwebster.com.au/request_packing_slip.php?print=1&reprintPackingSlips=1&HashedPackingSlipPOs=4b744352bdae68c7c01f2e59296b5df4,
IB Australia,ZIZO,TW41963934,21/02/2021,23/02/2021,,Pending Ship Confirmation,23-3029W,Charcoal Marine Grade Doormat,3,20.65,Small Parcel,Australia Post,,Alisa Campbell,207/6 Lapwing Street,,Wentworth Point,NSW,2127,403191235,19,19/02/2021,Aus Post Eparcel,21/02/2021 12:26,,,,,,https://partners.templeandwebster.com.au/request_packing_slip.php?print=1&reprintPackingSlips=1&HashedPackingSlipPOs=f0ca4d3b083c697ad28ad99091d0e9f1,
IB Australia,ZIZO,TW41958064,19/02/2021,23/02/2021,,Pending Ship Confirmation,23-8331,Natural Embossed Flamingos Coir Doormat,1,16,Small Parcel,Australia Post,,Mary Scanlan,18 king William St,house,Greenwich,NSW,2065,407412610,19,16/02/2021,Aus Post Eparcel,19/02/2021 11:55,,,,,,https://partners.templeandwebster.com.au/request_packing_slip.php?print=1&reprintPackingSlips=1&HashedPackingSlipPOs=af4b396bc25610c85c8f01b6413e982e,
IB Australia,ZIZO,TW41958017,19/02/2021,23/02/2021,,Pending Ship Confirmation,23-7501,Awesome Premium Hand-Loomed Coir Outdoor Doormat,1,44,Small Parcel,Australia Post,,Irene Hirst,52 Hodgson street,,Heidelberg,VIC,3084,400209509,19,19/02/2021,Aus Post Eparcel,19/02/2021 11:46,,,,,,https://partners.templeandwebster.com.au/request_packing_slip.php?print=1&reprintPackingSlips=1&HashedPackingSlipPOs=cd2221d241830bba717d59eb17c0ea8e,
IB Australia,ZIZO,TW41958022,19/02/2021,23/02/2021,,Pending Ship Confirmation,23-3023,Grey Palm Marine Outdoor Doormat,1,11,Small Parcel,Australia Post,,Ashleigh Cameron,18 WATER ST,,STRATHFIELD SOUTH,NSW,2136,450104814,19,19/02/2021,Aus Post Eparcel,19/02/2021 11:46,,,,,,https://partners.templeandwebster.com.au/request_packing_slip.php?print=1&reprintPackingSlips=1&HashedPackingSlipPOs=2b797158da967a32525e33030963905a,
IB Australia,ZIZO,TW41963516,21/02/2021,23/02/2021,,Pending Ship Confirmation,23-1223W,Rubber&Coir RibbedWide,1,33.9,LTL,Australia Post,,pauline Porter,6 Bent Street,,Brighton,VIC,3186,414930732,19,19/02/2021,Toll,21/02/2021 10:25,,,,,,https://partners.templeandwebster.com.au/request_packing_slip.php?print=1&reprintPackingSlips=1&HashedPackingSlipPOs=260a39d87eeea5fb6f1ab553ba1bc1a2,
IB Australia,ZIZO,TW41963369,21/02/2021,23/02/2021,,Pending Ship Confirmation,23-8404W,Tree Of Life Coir Doormat,2,22,Small Parcel,Australia Post,,Judy Durich,41 Gough Street,,Deepwater,NSW,2371,429063663,19,19/02/2021,Aus Post Eparcel,21/02/2021 9:35,,,,,,https://partners.templeandwebster.com.au/request_packing_slip.php?print=1&reprintPackingSlips=1&HashedPackingSlipPOs=68dc643debe5731fed671320d968bf56,
IB Australia,ZIZO,TW41960444,20/02/2021,23/02/2021,,Pending Ship Confirmation,23-2135,Elba Hand-Woven Jute Rope Doormat,3,32,Small Parcel,Australia Post,,jay Taylor,1041,rosebank way,hope island,QLD,4212,415607203,19,19/02/2021,Aus Post Eparcel,20/02/2021 9:35,,,,,,https://partners.templeandwebster.com.au/request_packing_slip.php?print=1&reprintPackingSlips=1&HashedPackingSlipPOs=cfb3cb4481fc0e40ce1c3d31aff7a709,
IB Australia,ZIZO,TW41963147,21/02/2021,23/02/2021,,Pending Ship Confirmation,23-8060,PVC Back Coir Three Dog,1,16,Small Parcel,Australia Post,,Lee Evans,838 Healesville-Yarra Glen Rd,,Yarra Glen,VIC,3775,429634723,99,19/02/2021,Aus Post Eparcel,21/02/2021 6:45,,,,,,https://partners.templeandwebster.com.au/request_packing_slip.php?print=1&reprintPackingSlips=1&HashedPackingSlipPOs=191fe0c1d6097be5e12051a7099da7a9,
IB Australia,ZIZO,TW41960227,20/02/2021,23/02/2021,,Pending Ship Confirmation,23-9266W,Rubber and Coir Plain Door Mat,1,31.8,Small Parcel,Australia Post,,Silvana  banaba,35 Wilkinson Street,,Hoppers Crossing,VIC,3029,418535788,19,19/02/2021,Aus Post Eparcel,20/02/2021 3:05,,,,,,https://partners.templeandwebster.com.au/request_packing_slip.php?print=1&reprintPackingSlips=1&HashedPackingSlipPOs=945dda8204dfa40c580171fdd66153ff,
