Zanui SKU,Supplier SKU,Stock On Hand,Reserved Stock,Comment
SO557HS60WAHZANUI-315779,23-8052,0,,
SO557HS65WDYZANUI-315878,23-8402,0,,
SO557HS62WEBZANUI-315881,23-8467,0,,
SO557HS61WECZANUI-315883,23-8468,0,,
SO557HS37VXIZANUI-315692,23-2109,0,,
SO557HS26WBPZANUI-315813,23-8121,0,,
SO557HS60WEDZANUI-315884,23-8468W,0,,
SO557HS62WEBZANUI-315882,23-8467W,0,,
SO557HS90WCZZANUI-315851,23-8322,0,,
SO557HS57WAKZANUI-315782,23-8060,0,,
SO557HS31WBKZANUI-315808,23-8109,0,,
SO557HS11WCEZANUI-315829,23-8285,0,,
SO557HS42WAZZANUI-315797,23-8088,0,,
SO557HS63WEAZANUI-315880,23-8409,0,,
SO557HS53WEKZANUI-315892,23-9009W,0,,
SO557HS18WBXZANUI-315822,23-8220RW,0,,
SO557HS35WBGZANUI-315804,23-8104,0,,
SO557HS00WCPZANUI-315841,23-8300,0,,
SO557HS03VYQZANUI-315729,23-6030,0,,
SO557HS10WCFZANUI-315831,23-8286,0,,
SO557HS08WCHZANUI-315833,23-8289,0,,
SO557HS31WFGZANUI-315914,23-9266,0,,
SO557HS23WBSZANUI-315816,23-8143B,0,,
SO557HS03WCMZANUI-315838,23-8297,0,,
SO557HS98WCRZANUI-315843,23-8312,0,,
SO557HS59WEEZANUI-315885,23-8469,0,,
SO557HS17WBYZANUI-315823,23-8231C,0,,
SO557HS66WDXZANUI-315875,23-8349,0,,
SO557HS91WCYZANUI-315850,23-8321,0,,
SO557HS09WCGZANUI-315832,23-8288,0,,
SO557HS53WAOZANUI-315786,23-8071A,0,,
SO557HS27WBOZANUI-315812,23-8116,0,,
SO557HS58WAJZANUI-315781,23-8059,0,,
SO557HS78WDLZANUI-315863,23-8334,0,,
SO557HS73WDQZANUI-315868,23-8341,0,,
SO557HS25VXUZANUI-315705,23-3022,0,,
SO557HS15VYEZANUI-315717,23-4020,0,,
SO557HS67WDWZANUI-315874,23-8348,0,,
SO557HS92WCXZANUI-315849,23-8320,0,,
SO557HS94VYZZANUI-315741,23-7356,0,,
SO557HS68WDVZANUI-315873,23-8347,0,,
SO557HS54WEJZANUI-315890,23-9008,0,,
SO557HS95WCUZANUI-315846,23-8315,0,,
SO557HS51WEMZANUI-315894,23-9047,0,,
SO557HS49WASZANUI-315790,23-8077,0,,
SO557HS79WDKZANUI-315862,23-8333,0,,
SO557HS11WCEZANUI-315830,23-8285W,0,,
SO557HS49WEOZANUI-315896,23-9051,0,,
SO557HS51WAQZANUI-315788,23-8072A,0,,
SO557HS41WEWZANUI-315904,23-9178,0,,
SO557HS80WDJZANUI-315861,23-8332W,0,,
SO557HS65WDYZANUI-315877,23-8401,0,,
SO557HS24WBRZANUI-315815,23-8131,0,,
SO557HS08VYLZANUI-315724,23-6017,0,,
SO557HS52WAPZANUI-315787,23-8071W,0,,
SO557HS30WBLZANUI-315809,23-8110,0,,
SO557HS16WBZZANUI-315824,23-8246,0,,
SO557HS89WDAZANUI-315852,23-8323,0,,
SO557HS19WBWZANUI-315821,23-8216,0,,
SO557HS48WEPZANUI-315897,23-9052,0,,
SO557HS50WARZANUI-315789,23-8072W,0,,
SO557HS22WBTZANUI-315817,23-8144,0,,
SO557HS55WAMZANUI-315784,23-8066,0,,
SO557HS97VYWZANUI-315737,23-7250W,0,,
SO557HS81VZMZANUI-315754,23-7446B,0,,
SO557HS52WELZANUI-315893,23-9045,0,,
SO557HS01VYSZANUI-315731,23-6040,0,,
SO557HS56WEHZANUI-315888,23-8472,0,,
SO557HS28WBNZANUI-315811,23-8114W,0,,
SO557HS02WCNZANUI-315839,23-8298,0,,
SO557HS70WDTZANUI-315871,23-8345,0,,
SO557HS45WESZANUI-315900,23-9151,0,,
SO557HS42VXDZANUI-315685,23-1227,0,,
SO557HS05VYOZANUI-315727,23-6028,0,,
SO557HS62WAFZANUI-315777,23-8038R,0,,
SO557HS46WERZANUI-315899,23-9098,0,,
SO557HS69WDUZANUI-315872,23-8346,0,,
SO557HS61WAGZANUI-315778,23-8048,0,,
SO557HS43VXCZANUI-315683,23-1223A,0,,
SO557HS43VXCZANUI-315684,23-1223W,0,,
SO557HS64WDZZANUI-315879,23-8404W,0,,
SO557HS44VXBZANUI-315682,23-1060,0,,
SO557HS39VXGZANUI-315690,23-2103,0,,
SO557HS41WBAZANUI-315798,23-8089,0,,
SO557HS54WANZANUI-315785,23-8067,0,,
SO557HS97WCSZANUI-315844,23-8313,0,,
SO557HS72VZVZANUI-315764,23-7458B,0,,
SO557HS00VYTZANUI-315733,23-7040H,0,,
SO557HS32WBJZANUI-315807,23-8108,0,,
SO557HS36VXJZANUI-315693,23-2114,0,,
SO557HS33WBIZANUI-315806,23-8107,0,,
SO557HS99WCQZANUI-315842,23-8311,0,,
SO557HS56WALZANUI-315783,23-8065,0,,
SO557HS20WBVZANUI-315820,23-8202,0,,
SO557HS24VXVZANUI-315706,23-3023,0,,
SO557HS96WCTZANUI-315845,23-8314,0,,
SO557HS29WBMZANUI-315810,23-8111W,0,,
SO557HS46WAVZANUI-315793,23-8081A,0,,
SO557HS71VZWZANUI-315765,23-7458BW,0,,
SO557HS38VXHZANUI-315691,23-2104,0,,
SO557HS99VYUZANUI-315735,23-7058W,0,,
SO557HS34WBHZANUI-315805,23-8105,0,,
SO557HS17VYCZANUI-315715,23-3036,0,,
SO557HS70VZXZANUI-315767,23-7459,0,,
SO557HS71WDSZANUI-315870,23-8344,0,,
SO557HS32VXNZANUI-315698,23-2134,0,,
SO557HS18VYBZANUI-315714,23-3035,0,,
SO557HS90VZDZANUI-315745,23-7415,0,,
SO557HS80VZNZANUI-315756,23-7446W,0,,
SO557HS80VZNZANUI-315755,23-7446BW,0,,
SO557HS63WAEZANUI-315776,23-8038,0,,
SO557HS96VYXZANUI-315739,23-7290W,0,,
SO557HS19VYAZANUI-315713,23-3034,0,,
SO557HS88VZFZANUI-315747,23-7425W,0,,
SO557HS76WDNZANUI-315865,23-8336,0,,
SO557HS40VXFZANUI-315689,23-2111,0,,
SO557HS31WFGZANUI-315915,23-9266W,0,,
SO557HS69VZYZANUI-315768,23-7460,0,,
SO557HS65WACZANUI-315773,23-8009B,0,,
SO557HS92VZBZANUI-315743,23-7408,0,,
SO557HS27WFKZANUI-315919,23-9426W,0,,
SO557HS65WACZANUI-315774,23-8009G,0,,
SO557HS98VYVZANUI-315736,23-7070,0,,
SO557HS81WDIZANUI-315860,23-8331,0,,
SO557HS01WCOZANUI-315840,23-8299,0,,
SO557HS00VYTZANUI-315732,23-7023H,0,,
SO557HS67WAAZANUI-315770,23-7501,0,,
SO557HS25WFMZANUI-315921,23-9429,0,,
SO557HS87WDCZANUI-315854,23-8325,0,,
SO557HS20VXZZANUI-315712,23-3029W,0,,
SO557HS21WBUZANUI-315818,23-8186,0,,
SO557HS75VZSZANUI-315761,23-7453,0,,
SO557HS26WFLZANUI-315920,23-9427,0,,
SO557HS33VXMZANUI-315696,23-2130,0,,
SO557HS72WDRZANUI-315869,23-8343,0,,
SO557HS44WETZANUI-315901,23-9165,0,,
SO557HS77WDMZANUI-315864,23-8335,0,,
SO557HS91VZCZANUI-315744,23-7409B,0,,
SO557HS24WFNZANUI-315922,23-9430,0,,
SO557HS68VZZZANUI-315769,23-7500,0,,
SO557HS71VZWZANUI-315766,23-7458W,0,,
SO557HS84VZJZANUI-315751,23-7439W,0,,
SO557HS31VXOZANUI-315699,23-2135,0,,
SO557HS28VXRZANUI-315702,23-3007,0,,
SO557HS83VZKZANUI-315752,23-7443,0,,
SO557HS66WABZANUI-315771,23-7502,0,,
SO557HS33WFEZANUI-315912,23-9221,0,,
SO557HS77VZQZANUI-315759,23-7450,0,,
SO557HS78VZPZANUI-315758,23-7448,0,,
SO557HS50WENZANUI-315895,23-9048,0,,
SO557HS28WFJZANUI-315918,23-9426,0,,
SO557HS11VYIZANUI-315721,23-5003,0,,
SO557HS22VXXZANUI-315710,23-3027,0,,
SO557HS47WAUZANUI-315792,23-8080,0,,
SO557HS23WFOZANUI-315923,23-9430W,0,,
SO557HS04WCLZANUI-315837,23-8296,0,,
SO557HS07VYMZANUI-315725,23-6025,0,,
SO557HS40WEXZANUI-315905,23-9209,0,,
SO557HS82VZLZANUI-315753,23-7446,0,,
SO557HS12VYHZANUI-315720,23-5000,0,,
SO557HS86VZHZANUI-315749,23-7437B,0,,
SO557HS94WCVZANUI-315847,23-8316,0,,
SO557HS85WDEZANUI-315856,23-8327,0,,
SO557HS42WEVZANUI-315903,23-9175,0,,
SO557HS65WACZANUI-315772,23-8009,0,,
SO557HS89VZEZANUI-315746,23-7425,0,,
SO557HS40VXFZANUI-315687,23-2100,0,,
SO557HS27VXSZANUI-315703,23-3017B,0,,
SO557HS40VXFZANUI-315688,23-2110,0,,
SO557HS88WDBZANUI-315853,23-8324,0,,
SO557HS06WCJZANUI-315835,23-8293,0,,
SO557HS95VYYZANUI-315740,23-7331,0,,
SO557HS75WDOZANUI-315866,23-8339,0,,
SO557HS74WDPZANUI-315867,23-8340,0,,
SO557HS39WEYZANUI-315906,23-9210,0,,
SO557HS34VXLZANUI-315695,23-2126,0,,
SO557HS37WBEZANUI-315802,23-8094,0,,
SO557HS57WEGZANUI-315887,23-8471,0,,
SO557HS02VYRZANUI-315730,23-6035,0,,
SO557HS87VZGZANUI-315748,23-7434,0,,
SO557HS65WDYZANUI-315876,23-8400,0,,
SO557HS33VXMZANUI-315697,23-2133,0,,
SO557HS30VXPZANUI-315700,23-2140,0,,
SO557HS99VYUZANUI-315734,23-7058,0,,
SO557HS26VXTZANUI-315704,23-3020,0,,
SO557HS29VXQZANUI-315701,23-2141,0,,
SO557HS55WEIZANUI-315889,23-8473,0,,
SO557HS44WAXZANUI-315795,23-8086,0,,
SO557HS13WCCZANUI-315827,23-8277,0,,
SO557HS48WATZANUI-315791,23-8079W,0,,
SO557HS93WCWZANUI-315848,23-8319,0,,
SO557HS82WDHZANUI-315859,23-8330,0,,
SO557HS14WCBZANUI-315826,23-8270,0,,
SO557HS09VYKZANUI-315723,23-5005,0,,
SO557HS84WDFZANUI-315857,23-8328,0,,
SO557HS10VYJZANUI-315722,23-5004,0,,
SO557HS07WCIZANUI-315834,23-8292,0,,
SO557HS41VXEZANUI-315686,23-2099,0,,
SO557HS53WEKZANUI-315891,23-9009,0,,
SO557HS21VXYZANUI-315711,23-3028,0,,
SO557HS06VYNZANUI-315726,23-6027,0,,
SO557HS29WFIZANUI-315917,23-9335,0,,
SO557HS14VYFZANUI-315718,23-4033,0,,
SO557HS34WFDZANUI-315911,23-9220,0,,
SO557HS30WFHZANUI-315916,23-9321,0,,
SO557HS43WEUZANUI-315902,23-9170,0,,
SO557HS58WEFZANUI-315886,23-8470,0,,
SO557HS38WEZZANUI-315907,23-9211,0,,
SO557HS85VZIZANUI-315750,23-7438,0,,
SO557HS05WCKZANUI-315836,23-8295,0,,
SO557HS36WFBZANUI-315909,23-9214,0,,
SO557HS47WEQZANUI-315898,23-9055,0,,
SO557HS37WFAZANUI-315908,23-9213,0,,
SO557HS12WCDZANUI-315828,23-8279,0,,
SO557HS45WAWZANUI-315794,23-8085,0,,
SO557HS39WBCZANUI-315800,23-8092,0,,
SO557HS79VZOZANUI-315757,23-7447W,0,,
SO557HS36WBFZANUI-315803,23-8097,0,,
SO557HS93VZAZANUI-315742,23-7356W,0,,
SO557HS04VYPZANUI-315728,23-6029,0,,
SO557HS96VYXZANUI-315738,23-7286,0,,
SO557HS23VXWZANUI-315708,23-3025,0,,
SO557HS13VYGZANUI-315719,23-4034,0,,
SO557HS16VYDZANUI-315716,23-4017,0,,
SO557HS15WCAZANUI-315825,23-8265,0,,
SO557HS35VXKZANUI-315694,23-2125,0,,
SO557HS86WDDZANUI-315855,23-8326,0,,
SO557HS23VXWZANUI-315709,23-3026,0,,
SO557HS76VZRZANUI-315760,23-7452,0,,
SO557HS59WAIZANUI-315780,23-8055,0,,
SO557HS64WADZANUI-315775,23-8011W,0,,
SO557HS25WBQZANUI-315814,23-8127,0,,
SO557HS35WFCZANUI-315910,23-9219,0,,
SO557HS40WBBZANUI-315799,23-8091,0,,
SO557HS38WBDZANUI-315801,23-8093,0,,
SO557HS43WAYZANUI-315796,23-8087,0,,
SO557HS32WFFZANUI-315913,23-9223,0,,
SO557HS74VZTZANUI-315762,23-7454,0,,
SO557HS83WDGZANUI-315858,23-8329,0,,
SO557HS20WBVZANUI-315819,23-8201,0,,
SO557HS73VZUZANUI-315763,23-7457,0,,
SO557HS23VXWZANUI-315707,23-3024,0,,
